"Status","Start Time","Stop Time","Duration in ms","Parent Suite","Suite","Sub Suite","Test Class","Test Method","Name","Description"
"passed","Tue Jul 28 16:19:53 MSK 2026","Tue Jul 28 16:20:18 MSK 2026","24984","","test.DemoOrderTest","","test.DemoOrderTest","myMaketsCheck","Проверка Моих Макетов-MyMakets",""
"passed","Tue Jul 28 16:13:38 MSK 2026","Tue Jul 28 16:14:08 MSK 2026","29565","","test.DemoOrderTest","","test.DemoOrderTest","orderTopUpAccount","Пополнение лицевого счёта в личном кабинете-TopUpAccount",""
"passed","Tue Jul 28 16:17:30 MSK 2026","Tue Jul 28 16:17:46 MSK 2026","16537","","test.DemoOrderTest","","test.DemoOrderTest","posterOrderNotAuthorized","Заказ постера: неавторизованный юзер-PosterOrderUnauthorized",""
"passed","Tue Jul 28 16:18:37 MSK 2026","Tue Jul 28 16:19:26 MSK 2026","48509","","test.DemoOrderTest","","test.DemoOrderTest","uploadPhotoInAlbum","Загрузка фото в альбом-UploadPhotoToAlbum",""
"passed","Tue Jul 28 16:20:18 MSK 2026","Tue Jul 28 16:21:15 MSK 2026","56816","","test.DemoOrderTest","","test.DemoOrderTest","DadataTest","Проверка DaData",""
"passed","Tue Jul 28 16:19:26 MSK 2026","Tue Jul 28 16:19:53 MSK 2026","27964","","test.DemoOrderTest","","test.DemoOrderTest","SVGOrder","Создание макета в SVG-редакторе",""
"passed","Tue Jul 28 16:15:43 MSK 2026","Tue Jul 28 16:17:30 MSK 2026","107110","","test.DemoOrderTest","","test.DemoOrderTest","createBookInOnline","Создание книги в онлайн-редакторе-BookOnlineEditor",""
"passed","Tue Jul 28 16:14:08 MSK 2026","Tue Jul 28 16:15:43 MSK 2026","94779","","test.DemoOrderTest","","test.DemoOrderTest","calendOrderAuthorised","Добавление в корзину карманного календарика-AddPocketCalendar",""
"passed","Tue Jul 28 16:17:46 MSK 2026","Tue Jul 28 16:18:37 MSK 2026","50512","","test.DemoOrderTest","","test.DemoOrderTest","orderByPaykeeper","Оплата Paykeeper QR",""
